brand,body_code,title,source_url,source_tier,height_cm,weight_kg,bust_cm,waist_cm,hip_cm,underbust_cm,cup,material,price,price_currency,WHR,BWR,assigned_family,family_confidence,family_basis,notes
ZELEX,ZF161D,ZF161D,local:db/body_profiles.json,official,161,35,85,62,94,67,D,,,,0.66,1.371,The Muse,exact,Existing ZELEX family taxonomy,Local baseline row
ZELEX,ZF168B,ZF168B,local:db/body_profiles.json,official,168,39,80,64,98,67,B,,,,0.653,1.25,The Muse,near,Existing ZELEX family taxonomy,Local baseline row
ZELEX,ZF169C,ZF169C,local:db/body_profiles.json,official,169,39,88.5,68.5,102,73,C,,,,0.672,1.292,The Muse,near,Existing ZELEX family taxonomy,Local baseline row
ZELEX,ZG162D,ZG162D,local:db/body_profiles.json,official,162,33.5,85,61.5,93.5,67.5,D,,,,0.658,1.382,The Muse,exact,Existing ZELEX family taxonomy,Local baseline row
ZELEX,ZGX165F,ZGX165F,local:db/body_profiles.json,official,165,39.9,89,64,96.5,67.5,F,,,,0.663,1.391,The Muse,exact,Existing ZELEX family taxonomy,Local baseline row
ZELEX,ZG170C,ZG170C,local:db/body_profiles.json,official,170,36.1,87.5,64.5,94,71.5,C,,,,0.686,1.357,The Muse,exact,Existing ZELEX family taxonomy,Local baseline row
ZELEX,ZG170D,ZG170D,local:db/body_profiles.json,official,170,39.7,87,67.5,103,69,D,,,,0.655,1.289,The Muse,near,Existing ZELEX family taxonomy,Local baseline row
ZELEX,ZG175E,ZG175E,local:db/body_profiles.json,official,175,38,88.5,65.5,96.5,69,E,,,,0.679,1.351,The Muse,exact,Existing ZELEX family taxonomy,Local baseline row
ZELEX,ZK159D,ZK159D,local:db/body_profiles.json,official,159,33.8,87,60.5,97,69,D,,,,0.624,1.438,The Icon,near,Existing ZELEX family taxonomy,Local baseline row
ZELEX,ZK168B,ZK168B,local:db/body_profiles.json,official,168,37.5,78,63,97,66,B,,,,0.649,1.238,The Muse,loose,Existing ZELEX family taxonomy,Local baseline row
ZELEX,ZX153B,ZX153B,local:db/body_profiles.json,official,153,28,75,53,79,64,B,,,,0.671,1.415,The Muse,near,Existing ZELEX family taxonomy,Local baseline row
ZELEX,ZX160J,ZX160J,local:db/body_profiles.json,official,160,37.2,88.5,51.5,101.5,56,J,,,,0.507,1.718,The Siren,near,Existing ZELEX family taxonomy,Local baseline row
ZELEX,ZX163E,ZX163E,local:db/body_profiles.json,official,163,31,85,58,92,66,E,,,,0.63,1.466,The Icon,near,Existing ZELEX family taxonomy,Local baseline row
ZELEX,ZX164G,ZX164G,local:db/body_profiles.json,official,164,33.8,88.5,55.5,100.5,64,G,,,,0.552,1.595,The Empress,near,Existing ZELEX family taxonomy,Local baseline row
ZELEX,ZX165D,ZX165D,local:db/body_profiles.json,official,165,33.3,82,53,98,63.5,D,,,,0.541,1.547,The Icon,near,Existing ZELEX family taxonomy,Local baseline row
ZELEX,ZX166K,ZX166K,local:db/body_profiles.json,official,166,33.8,94,54,90.5,59.5,K,,,,0.597,1.741,The Siren,exact,Existing ZELEX family taxonomy,Local baseline row
ZELEX,ZX170A,ZX170A,local:db/body_profiles.json,official,170,36.0,82,65,97,72,A,,,,0.67,1.262,The Muse,near,Existing ZELEX family taxonomy,Local baseline row
ZELEX,ZX171C,ZX171C,local:db/body_profiles.json,official,171,35.6,83,61,95.5,67.5,C,,,,0.639,1.361,The Muse,near,Existing ZELEX family taxonomy,Local baseline row
ZELEX,ZX172E,ZX172E,local:db/body_profiles.json,official,172,35.7,86.5,57.5,94.5,67,E,,,,0.608,1.504,The Icon,exact,Existing ZELEX family taxonomy,Local baseline row
WM Doll,WM 108L,WM 108L,https://us.dollstudio.org/products/doll/wm-doll/wm-108l,secondary,108.0,21.0,78.0,46.0,81.0,,,TPE,1437.0,USD,0.568,1.696,The Siren,exact,Both WHR and BWR fall inside the family range,
WM Doll,WM 148L,WM 148L,https://us.dollstudio.org/products/doll/wm-doll/wm-148l,secondary,148.0,29.0,94.0,50.0,80.0,,,TPE,1390.0,USD,0.625,1.88,The Siren,manual-review,Nearest family center outside both range bands,
WM Doll,WM 158G,WM 158G,https://us.dollstudio.org/products/doll/wm-doll/wm-158g,secondary,158.0,32.0,98.0,59.0,100.0,,,TPE,1599.0,USD,0.59,1.661,The Siren,exact,Both WHR and BWR fall inside the family range,
WM Doll,WM 158J,WM 158J,https://us.dollstudio.org/products/doll/wm-doll/wm-158j,secondary,158.0,43.0,100.0,80.0,100.0,,,TPE,1599.0,USD,0.8,1.25,The Muse,manual-review,Nearest family center outside both range bands,
WM Doll,WM T160,WM T160,https://us.dollstudio.org/products/doll/wm-doll/wm-t160,secondary,160.0,38.0,88.0,54.0,93.0,,,TPE,1690.0,USD,0.581,1.63,The Empress,exact,Both WHR and BWR fall inside the family range,
WM Doll,WM 162A,WM 162A,https://us.dollstudio.org/products/doll/wm-doll/wm-162a,secondary,162.0,42.0,88.0,64.0,90.0,,,TPE,1699.0,USD,0.711,1.375,The Muse,near,Nearest family center with one ratio inside range,
WM Doll,WM 166E,WM 166E,https://us.dollstudio.org/products/doll/wm-doll/wm-166e,secondary,166.0,33.0,76.0,56.0,85.0,,,TPE,1699.0,USD,0.659,1.357,The Muse,exact,Both WHR and BWR fall inside the family range,
WM Doll,WM 167L,WM 167L,https://us.dollstudio.org/products/doll/wm-doll/wm-167l,secondary,167.0,41.0,98.0,62.0,95.0,,,TPE,1699.0,USD,0.653,1.581,The Icon,near,Nearest family center with one ratio inside range,
WM Doll,WM 168G,WM 168G,https://us.dollstudio.org/products/doll/wm-doll/wm-168g,secondary,168.0,54.0,110.0,78.0,120.0,,,TPE,1699.0,USD,0.65,1.41,The Classic,near,Nearest family center with one ratio inside range,
WM Doll,WM 172G,WM 172G,https://us.dollstudio.org/products/doll/wm-doll/wm-172g,secondary,172.0,43.0,89.0,57.0,94.0,,,TPE,1799.0,USD,0.606,1.561,The Icon,exact,Both WHR and BWR fall inside the family range,
JY Doll,JY S157J,JY S157J,https://us.dollstudio.org/products/doll/jy-doll/jy-s157j,secondary,157.0,38.0,83.0,50.0,91.0,,,Silicone,2290.0,USD,0.549,1.66,The Siren,near,Nearest family center with one ratio inside range,
JY Doll,JY S160C,JY S160C,https://us.dollstudio.org/products/doll/jy-doll/jy-s160c,secondary,160.0,40.0,68.0,57.0,82.0,,,Silicone,2390.0,USD,0.695,1.193,The Muse,near,Nearest family center with one ratio inside range,
JY Doll,JY 161G,JY 161G,https://us.dollstudio.org/products/doll/jy-doll/jy-161g,secondary,161.0,38.0,78.0,46.0,91.0,,,TPE,1390.0,USD,0.505,1.696,The Siren,near,Nearest family center with one ratio inside range,
JY Doll,JY S161I,JY S161I,https://us.dollstudio.org/products/doll/jy-doll/jy-s161i,secondary,161.0,35.0,83.0,47.0,94.0,,,Silicone,2390.0,USD,0.5,1.766,The Siren,manual-review,Nearest family center outside both range bands,
JY Doll,JY T161G,JY T161G,https://us.dollstudio.org/products/doll/jy-doll/jy-t161g,secondary,161.0,38.0,78.0,46.0,91.0,,,TPE,1390.0,USD,0.505,1.696,The Siren,near,Nearest family center with one ratio inside range,
JY Doll,JY S163E,JY S163E,https://us.dollstudio.org/products/doll/jy-doll/jy-s163e,secondary,163.0,38.0,83.0,53.0,92.0,,,Silicone,2390.0,USD,0.576,1.566,The Empress,near,Nearest family center with one ratio inside range,
JY Doll,JY S165G,JY S165G,https://us.dollstudio.org/products/doll/jy-doll/jy-s165g,secondary,165.0,35.0,80.0,57.0,93.0,,,Silicone,2390.0,USD,0.613,1.404,The Muse,manual-review,Nearest family center outside both range bands,
JY Doll,JY T165M,JY T165M,https://us.dollstudio.org/products/doll/jy-doll/jy-t165m,secondary,165.0,38.0,90.0,52.0,85.0,,,TPE,1490.0,USD,0.612,1.731,The Siren,near,Nearest family center with one ratio inside range,
JY Doll,JY S168H,JY S168H,https://us.dollstudio.org/products/doll/jy-doll/jy-s168h,secondary,168.0,43.0,85.0,57.0,90.0,,,Silicone,2390.0,USD,0.633,1.491,The Sculpt,near,Nearest family center with one ratio inside range,
JY Doll,JY 171H,JY 171H,https://us.dollstudio.org/products/doll/jy-doll/jy-171h,secondary,171.0,45.0,91.0,57.0,92.0,,,TPE,1881.0,USD,0.62,1.596,The Empress,exact,Both WHR and BWR fall inside the family range,
YL Doll,YL 118,YL 118,https://us.dollstudio.org/products/doll/yl-doll/yl-118,secondary,118.0,29.0,86.0,56.0,95.0,,,TPE,1230.0,USD,0.589,1.536,The Icon,near,Nearest family center with one ratio inside range,
YL Doll,YL 141,YL 141,https://us.dollstudio.org/products/doll/yl-doll/yl-141,secondary,141.0,26.0,68.0,40.0,78.0,,,TPE,1390.0,USD,0.513,1.7,The Siren,near,Nearest family center with one ratio inside range,
YL Doll,YL 151,YL 151,https://us.dollstudio.org/products/doll/yl-doll/yl-151,secondary,151.0,30.0,73.0,51.0,85.0,,,TPE,1790.0,USD,0.6,1.431,The Sculpt,manual-review,Nearest family center outside both range bands,
YL Doll,YL S153E,YL S153E,https://us.dollstudio.org/products/doll/yl-doll/yl-s153e,secondary,153.0,31.0,83.0,47.0,84.0,,,Silicone,1890.0,USD,0.56,1.766,The Siren,near,Nearest family center with one ratio inside range,
YL Doll,YL T153,YL T153,https://us.dollstudio.org/products/doll/yl-doll/yl-t153,secondary,153.0,46.0,97.0,53.0,113.0,,,TPE,1690.0,USD,0.469,1.83,The Siren,manual-review,Nearest family center outside both range bands,
YL Doll,YL S158D,YL S158D,https://us.dollstudio.org/products/doll/yl-doll/yl-s158d,secondary,158.0,32.0,82.0,55.0,90.0,,,Silicone,2590.0,USD,0.611,1.491,The Sculpt,near,Nearest family center with one ratio inside range,
YL Doll,YL 160L SE,YL 160L SE,https://us.dollstudio.org/products/doll/yl-doll/yl-160l-se,secondary,160.0,40.0,98.0,58.0,103.0,,,TPE,2283.0,USD,0.563,1.69,The Siren,exact,Both WHR and BWR fall inside the family range,
YL Doll,YL 166G,YL 166G,https://us.dollstudio.org/products/doll/yl-doll/yl-166g,secondary,166.0,34.0,88.0,49.0,87.0,,,TPE,1680.0,USD,0.563,1.796,The Siren,near,Nearest family center with one ratio inside range,
YL Doll,YL 167C,YL 167C,https://us.dollstudio.org/products/doll/yl-doll/yl-167c,secondary,167.0,43.0,84.0,56.0,88.0,,,TPE,1680.0,USD,0.636,1.5,The Icon,exact,Both WHR and BWR fall inside the family range,
YL Doll,YL 171L,YL 171L,https://us.dollstudio.org/products/doll/yl-doll/yl-171l,secondary,171.0,44.0,104.0,67.0,88.0,,,TPE,1790.0,USD,0.761,1.552,The Sculpt,manual-review,Nearest family center outside both range bands,
SE Doll,SE 153F,SE 153F,https://us.dollstudio.org/products/doll/se-doll/se-153f,secondary,153.0,30.0,74.0,51.0,83.0,,,TPE,1511.0,USD,0.614,1.451,The Sculpt,near,Nearest family center with one ratio inside range,
SE Doll,SE 156C,SE 156C,https://us.dollstudio.org/products/doll/se-doll/se-156c,secondary,156.0,42.0,79.0,63.0,110.0,,,TPE,1620.0,USD,0.573,1.254,The Muse,manual-review,Nearest family center outside both range bands,
SE Doll,SE 157G,SE 157G,https://us.dollstudio.org/products/doll/se-doll/se-157g,secondary,157.0,35.0,88.0,56.0,97.0,,,TPE,1690.0,USD,0.577,1.571,The Empress,near,Nearest family center with one ratio inside range,
SE Doll,SE 158D,SE 158D,https://us.dollstudio.org/products/doll/se-doll/se-158d,secondary,158.0,34.0,78.0,48.0,83.0,,,TPE,1690.0,USD,0.578,1.625,The Siren,exact,Both WHR and BWR fall inside the family range,
SE Doll,SE 160B,SE 160B,https://us.dollstudio.org/products/doll/se-doll/se-160b,secondary,160.0,38.0,82.0,63.0,93.0,,,Silicone,2990.0,USD,0.677,1.302,The Muse,exact,Both WHR and BWR fall inside the family range,
SE Doll,SE T160C,SE T160C,https://us.dollstudio.org/products/doll/se-doll/se-t160c,secondary,160.0,39.0,83.0,63.0,90.0,,,TPE,1690.0,USD,0.7,1.317,The Muse,exact,Both WHR and BWR fall inside the family range,
SE Doll,SE T163D MUSCLE,SE T163D MUSCLE,https://us.dollstudio.org/products/doll/se-doll/se-t163d-muscle,secondary,163.0,49.0,91.0,61.0,113.0,,,Silicone,2163.0,USD,0.54,1.492,The Icon,manual-review,Nearest family center outside both range bands,
SE Doll,SE T165C,SE T165C,https://us.dollstudio.org/products/doll/se-doll/se-t165c,secondary,165.0,40.0,81.0,60.0,92.0,,,TPE,2163.0,USD,0.652,1.35,The Muse,exact,Both WHR and BWR fall inside the family range,
SE Doll,SE T166C,SE T166C,https://us.dollstudio.org/products/doll/se-doll/se-t166c,secondary,166.0,35.0,73.0,51.0,79.0,,,TPE,1690.0,USD,0.646,1.431,The Classic,near,Nearest family center with one ratio inside range,
SE Doll,SE 170B,SE 170B,https://us.dollstudio.org/products/doll/se-doll/se-170b,secondary,170.0,42.0,93.0,69.0,92.0,,,TPE,1790.0,USD,0.75,1.348,The Muse,near,Nearest family center with one ratio inside range,
6YE Premium,6YE T150H,6YE T150H,https://us.dollstudio.org/products/doll/6ye-premium/6ye-t150h,secondary,150.0,33.0,83.0,62.0,85.0,,,TPE,1490.0,USD,0.729,1.339,The Muse,near,Nearest family center with one ratio inside range,
6YE Premium,6YE T155R,6YE T155R,https://us.dollstudio.org/products/doll/6ye-premium/6ye-t155r,secondary,155.0,59.0,140.0,69.0,106.0,,,TPE,1990.0,USD,0.651,2.029,The Siren,manual-review,Nearest family center outside both range bands,
6YE Premium,6YE T158C,6YE T158C,https://us.dollstudio.org/products/doll/6ye-premium/6ye-t158c,secondary,158.0,32.0,72.0,50.0,84.0,,,TPE,1490.0,USD,0.595,1.44,The Sculpt,manual-review,Nearest family center outside both range bands,
6YE Premium,6YE T160B,6YE T160B,https://us.dollstudio.org/products/doll/6ye-premium/6ye-t160b,secondary,160.0,40.0,83.0,60.0,88.0,,,TPE,1690.0,USD,0.682,1.383,The Muse,exact,Both WHR and BWR fall inside the family range,
6YE Premium,6YE T160E,6YE T160E,https://us.dollstudio.org/products/doll/6ye-premium/6ye-t160e,secondary,160.0,42.0,90.0,60.0,90.0,,,TPE,1490.0,USD,0.667,1.5,The Sculpt,exact,Both WHR and BWR fall inside the family range,
6YE Premium,6YE T162D,6YE T162D,https://us.dollstudio.org/products/doll/6ye-premium/6ye-t162d,secondary,162.0,41.0,88.0,66.0,93.0,,,TPE,1490.0,USD,0.71,1.333,The Muse,near,Nearest family center with one ratio inside range,
6YE Premium,6YE T162H MUSCLE,6YE T162H MUSCLE,https://us.dollstudio.org/products/doll/6ye-premium/6ye-t162h-muscle,secondary,162.0,47.0,96.0,58.0,90.0,,,TPE,1490.0,USD,0.644,1.655,The Empress,manual-review,Nearest family center outside both range bands,
6YE Premium,6YE T164F,6YE T164F,https://us.dollstudio.org/products/doll/6ye-premium/6ye-t164f,secondary,164.0,43.0,90.0,62.0,105.0,,,TPE,1490.0,USD,0.59,1.452,The Sculpt,near,Nearest family center with one ratio inside range,
6YE Premium,6YE T167K,6YE T167K,https://us.dollstudio.org/products/doll/6ye-premium/6ye-t167k,secondary,167.0,48.0,97.0,60.0,95.0,,,TPE,1590.0,USD,0.632,1.617,The Empress,exact,Both WHR and BWR fall inside the family range,
6YE Premium,6YE T173C,6YE T173C,https://us.dollstudio.org/products/doll/6ye-premium/6ye-t173c,secondary,173.0,49.0,83.0,53.0,97.0,,,TPE,1590.0,USD,0.546,1.566,The Empress,near,Nearest family center with one ratio inside range,
Jarliet,JA 151,JA 151,https://us.dollstudio.org/products/doll/jarliet/ja-151,secondary,151.0,30.0,75.0,53.0,78.0,,,TPE,1401.0,USD,0.679,1.415,The Classic,near,Nearest family center with one ratio inside range,
Jarliet,JA 155A,JA 155A,https://us.dollstudio.org/products/doll/jarliet/ja-155a,secondary,155.0,28.0,63.0,40.0,76.0,,,TPE,1558.0,USD,0.526,1.575,The Empress,near,Nearest family center with one ratio inside range,
Jarliet,JA 156B,JA 156B,https://us.dollstudio.org/products/doll/jarliet/ja-156b,secondary,156.0,30.0,76.0,58.0,79.0,,,TPE,1558.0,USD,0.734,1.31,The Muse,near,Nearest family center with one ratio inside range,
Jarliet,JA 157B,JA 157B,https://us.dollstudio.org/products/doll/jarliet/ja-157b,secondary,157.0,30.0,67.0,48.0,77.0,,,TPE,1558.0,USD,0.623,1.396,The Muse,near,Nearest family center with one ratio inside range,
Jarliet,JA 163F,JA 163F,https://us.dollstudio.org/products/doll/jarliet/ja-163f,secondary,163.0,54.0,96.0,69.0,113.0,,,TPE,1490.0,USD,0.611,1.391,The Muse,near,Nearest family center with one ratio inside range,
Jarliet,JA 165,JA 165,https://us.dollstudio.org/products/doll/jarliet/ja-165,secondary,165.0,42.0,86.0,60.0,93.0,,,TPE,1715.0,USD,0.645,1.433,The Classic,near,Nearest family center with one ratio inside range,
Jarliet,JA 165D,JA 165D,https://us.dollstudio.org/products/doll/jarliet/ja-165d,secondary,165.0,41.0,86.0,66.0,93.0,,,TPE,1497.0,USD,0.71,1.303,The Muse,near,Nearest family center with one ratio inside range,
Jarliet,JA 165H,JA 165H,https://us.dollstudio.org/products/doll/jarliet/ja-165h,secondary,165.0,36.0,93.0,52.0,87.0,,,TPE,1497.0,USD,0.598,1.788,The Siren,near,Nearest family center with one ratio inside range,
Jarliet,JA 166C,JA 166C,https://us.dollstudio.org/products/doll/jarliet/ja-166c,secondary,166.0,33.0,80.0,53.0,83.0,,,TPE,1558.0,USD,0.639,1.509,The Icon,exact,Both WHR and BWR fall inside the family range,
Jarliet,JA 168A,JA 168A,https://us.dollstudio.org/products/doll/jarliet/ja-168a,secondary,168.0,29.0,69.0,53.0,71.0,,,TPE,1642.0,USD,0.746,1.302,The Muse,near,Nearest family center with one ratio inside range,
AS Doll,AS 148,AS 148,https://us.dollstudio.org/products/doll/as-doll/as-148,secondary,148.0,25.0,62.0,40.0,78.0,,,TPE,1993.0,USD,0.513,1.55,The Empress,near,Nearest family center with one ratio inside range,
AS Doll,AS 153F,AS 153F,https://us.dollstudio.org/products/doll/as-doll/as-153f,secondary,153.0,31.0,88.0,41.0,86.0,,,TPE,1993.0,USD,0.477,2.146,The Siren,manual-review,Nearest family center outside both range bands,
AS Doll,AS 160G,AS 160G,https://us.dollstudio.org/products/doll/as-doll/as-160g,secondary,160.0,33.0,88.0,58.0,88.0,,,TPE,1993.0,USD,0.659,1.517,The Sculpt,exact,Both WHR and BWR fall inside the family range,
AS Doll,AS 160M,AS 160M,https://us.dollstudio.org/products/doll/as-doll/as-160m,secondary,160.0,30.0,73.0,67.0,74.0,,,TPE,1993.0,USD,0.905,1.09,The Muse,manual-review,Nearest family center outside both range bands,
AS Doll,AS 161D,AS 161D,https://us.dollstudio.org/products/doll/as-doll/as-161d,secondary,161.0,40.0,83.0,69.0,93.0,,,TPE,1993.0,USD,0.742,1.203,The Muse,manual-review,Nearest family center outside both range bands,
AS Doll,AS 162I,AS 162I,https://us.dollstudio.org/products/doll/as-doll/as-162i,secondary,162.0,49.0,98.0,62.0,109.0,,,TPE,1993.0,USD,0.569,1.581,The Empress,near,Nearest family center with one ratio inside range,
AS Doll,AS 166D,AS 166D,https://us.dollstudio.org/products/doll/as-doll/as-166d,secondary,166.0,38.0,85.0,59.0,90.0,,,TPE,1993.0,USD,0.656,1.441,The Classic,near,Nearest family center with one ratio inside range,
AS Doll,AS 168C,AS 168C,https://us.dollstudio.org/products/doll/as-doll/as-168c,secondary,168.0,33.0,80.0,52.0,92.0,,,TPE,1993.0,USD,0.565,1.538,The Icon,near,Nearest family center with one ratio inside range,
AS Doll,AS 169J,AS 169J,https://us.dollstudio.org/products/doll/as-doll/as-169j,secondary,169.0,42.0,95.0,50.0,96.0,,,TPE,1993.0,USD,0.521,1.9,The Siren,manual-review,Nearest family center outside both range bands,
AS Doll,AS 170I,AS 170I,https://us.dollstudio.org/products/doll/as-doll/as-170i,secondary,170.0,34.0,92.0,50.0,92.0,,,TPE,1993.0,USD,0.543,1.84,The Siren,manual-review,Nearest family center outside both range bands,
XT Doll,XT S153I,XT S153I,https://us.dollstudio.org/products/doll/xt-doll/xt-s153i,secondary,153.0,27.0,92.0,62.0,96.0,,,Silicone,2190.0,USD,0.646,1.484,The Sculpt,near,Nearest family center with one ratio inside range,
XT Doll,XT S155D,XT S155D,https://us.dollstudio.org/products/doll/xt-doll/xt-s155d,secondary,155.0,23.0,80.0,59.0,92.0,,,Silicone,2190.0,USD,0.641,1.356,The Muse,near,Nearest family center with one ratio inside range,
XT Doll,XT S157C,XT S157C,https://us.dollstudio.org/products/doll/xt-doll/xt-s157c,secondary,157.0,28.0,82.0,63.0,93.0,,,Silicone,2190.0,USD,0.677,1.302,The Muse,exact,Both WHR and BWR fall inside the family range,
XT Doll,XT S157D,XT S157D,https://us.dollstudio.org/products/doll/xt-doll/xt-s157d,secondary,157.0,24.0,81.0,58.0,84.0,,,Silicone,2190.0,USD,0.69,1.397,The Muse,exact,Both WHR and BWR fall inside the family range,
XT Doll,XT T159G,XT T159G,https://us.dollstudio.org/products/doll/xt-doll/xt-t159g,secondary,159.0,38.0,92.0,59.0,89.0,,,Silicone,1649.0,USD,0.663,1.559,The Icon,near,Nearest family center with one ratio inside range,
XT Doll,XT S160H,XT S160H,https://us.dollstudio.org/products/doll/xt-doll/xt-s160h,secondary,160.0,32.0,104.0,64.0,101.0,,,Silicone,2190.0,USD,0.634,1.625,The Empress,exact,Both WHR and BWR fall inside the family range,
XT Doll,XT S161B,XT S161B,https://us.dollstudio.org/products/doll/xt-doll/xt-s161b,secondary,161.0,25.0,88.0,58.0,92.0,,,Silicone,2190.0,USD,0.63,1.517,The Icon,exact,Both WHR and BWR fall inside the family range,
XT Doll,XT S163J,XT S163J,https://us.dollstudio.org/products/doll/xt-doll/xt-s163j,secondary,163.0,43.0,102.0,69.0,118.0,,,Silicone,2390.0,USD,0.585,1.478,The Icon,manual-review,Nearest family center outside both range bands,
XT Doll,XT S165E,XT S165E,https://us.dollstudio.org/products/doll/xt-doll/xt-s165e,secondary,165.0,28.0,86.0,59.0,93.0,,,Silicone,2190.0,USD,0.634,1.458,The Sculpt,near,Nearest family center with one ratio inside range,
XT Doll,XT S166H,XT S166H,https://us.dollstudio.org/products/doll/xt-doll/xt-s166h,secondary,165.0,28.0,86.0,59.0,93.0,,,Silicone,2190.0,USD,0.634,1.458,The Sculpt,near,Nearest family center with one ratio inside range,
HR Doll,HR T150G,HR T150G,https://us.dollstudio.org/products/doll/hr-doll/hr-t150g,secondary,150.0,33.0,83.0,52.0,85.0,,,TPE,1390.0,USD,0.612,1.596,The Empress,exact,Both WHR and BWR fall inside the family range,
HR Doll,HR S153B,HR S153B,https://us.dollstudio.org/products/doll/hr-doll/hr-s153b,secondary,153.0,28.0,73.0,54.0,80.0,,,Silicone,1890.0,USD,0.675,1.352,The Muse,exact,Both WHR and BWR fall inside the family range,
HR Doll,HR S160J,HR S160J,https://us.dollstudio.org/products/doll/hr-doll/hr-s160j,secondary,160.0,36.0,93.0,60.0,100.0,,,Silicone,1890.0,USD,0.6,1.55,The Icon,exact,Both WHR and BWR fall inside the family range,
HR Doll,HR S161M,HR S161M,https://us.dollstudio.org/products/doll/hr-doll/hr-s161m,secondary,161.0,47.0,110.0,79.0,120.0,,,Silicone,1890.0,USD,0.658,1.392,The Muse,exact,Both WHR and BWR fall inside the family range,
HR Doll,HR S162B,HR S162B,https://us.dollstudio.org/products/doll/hr-doll/hr-s162b,secondary,162.0,37.0,84.0,57.0,99.0,,,Silicone,1990.0,USD,0.576,1.474,The Icon,manual-review,Nearest family center outside both range bands,
HR Doll,HR S163D,HR S163D,https://us.dollstudio.org/products/doll/hr-doll/hr-s163d,secondary,163.0,49.0,97.0,89.0,118.0,,,Silicone,2190.0,USD,0.754,1.09,The Muse,manual-review,Nearest family center outside both range bands,
HR Doll,HR S163E,HR S163E,https://us.dollstudio.org/products/doll/hr-doll/hr-s163e,secondary,163.0,33.0,86.0,54.0,95.0,,,Silicone,1890.0,USD,0.568,1.593,The Empress,near,Nearest family center with one ratio inside range,
HR Doll,HR S165K,HR S165K,https://us.dollstudio.org/products/doll/hr-doll/hr-s165k,secondary,165.0,55.0,101.0,69.0,135.0,,,Silicone,1890.0,USD,0.511,1.464,The Icon,manual-review,Nearest family center outside both range bands,
HR Doll,HR S170B,HR S170B,https://us.dollstudio.org/products/doll/hr-doll/hr-s170b,secondary,170.0,37.0,79.0,58.0,93.0,,,Silicone,1890.0,USD,0.624,1.362,The Muse,near,Nearest family center with one ratio inside range,
HR Doll,HR S170N,HR S170N,https://us.dollstudio.org/products/doll/hr-doll/hr-s170n,secondary,170.0,42.0,100.0,56.0,93.0,,,Silicone,1990.0,USD,0.602,1.786,The Siren,manual-review,Nearest family center outside both range bands,
Piper Doll,SAF 100B ELSA,SAF 100B ELSA,https://us.dollstudio.org/products/doll/piper-doll/saf-100b-elsa,secondary,100.0,11.0,48.0,37.0,60.0,,,Silicone,790.0,USD,0.617,1.297,The Muse,manual-review,Nearest family center outside both range bands,
Piper Doll,SAF 100F JESSICA SILICONE,SAF 100F JESSICA SILICONE,https://us.dollstudio.org/products/doll/piper-doll/saf-100f-jessica-silicone,secondary,100.0,12.0,60.0,35.0,60.0,,,Silicone,1290.0,USD,0.583,1.714,The Siren,exact,Both WHR and BWR fall inside the family range,
Piper Doll,SAF 100G AKIRA SILICONE,SAF 100G AKIRA SILICONE,https://us.dollstudio.org/products/doll/piper-doll/saf-100g-akira-silicone,secondary,100.0,12.0,52.0,36.0,56.0,,,Silicone,1290.0,USD,0.643,1.444,The Classic,near,Nearest family center with one ratio inside range,
Piper Doll,SAF 100G ERIAN SILICONE,SAF 100G ERIAN SILICONE,https://us.dollstudio.org/products/doll/piper-doll/saf-100g-erian-silicone,secondary,100.0,12.0,52.0,36.0,56.0,,,Silicone,1290.0,USD,0.643,1.444,The Classic,near,Nearest family center with one ratio inside range,
Piper Doll,SAF 100G JENNA SILICONE,SAF 100G JENNA SILICONE,https://us.dollstudio.org/products/doll/piper-doll/saf-100g-jenna-silicone,secondary,100.0,11.0,52.0,36.0,57.0,,,Silicone,1290.0,USD,0.632,1.444,The Sculpt,manual-review,Nearest family center outside both range bands,
Piper Doll,SAF 100J MAI SILICONE,SAF 100J MAI SILICONE,https://us.dollstudio.org/products/doll/piper-doll/saf-100j-mai-silicone,secondary,100.0,12.0,60.0,39.0,62.0,,,Silicone,1190.0,USD,0.629,1.538,The Icon,exact,Both WHR and BWR fall inside the family range,
Piper Doll,PI T140E,PI T140E,https://us.dollstudio.org/products/doll/piper-doll/pi-t140e,secondary,140.0,29.0,71.0,46.0,87.0,,,TPE,1690.0,USD,0.529,1.543,The Icon,near,Nearest family center with one ratio inside range,
Piper Doll,PI S150K MAI,PI S150K MAI,https://us.dollstudio.org/products/doll/piper-doll/pi-s150k-mai,secondary,150.0,31.0,79.0,50.0,80.0,,,Silicone,2690.0,USD,0.625,1.58,The Empress,exact,Both WHR and BWR fall inside the family range,
Piper Doll,PI S150K MIYUKI,PI S150K MIYUKI,https://us.dollstudio.org/products/doll/piper-doll/pi-s150k-miyuki,secondary,150.0,33.0,88.0,52.0,92.0,,,Silicone,3090.0,USD,0.565,1.692,The Siren,exact,Both WHR and BWR fall inside the family range,
Piper Doll,PI S155F ELSA SILICONE,PI S155F ELSA SILICONE,https://us.dollstudio.org/products/doll/piper-doll/pi-s155f-elsa-silicone,secondary,155.0,34.0,77.0,54.0,92.0,,,Silicone,2980.0,USD,0.587,1.426,The Sculpt,manual-review,Nearest family center outside both range bands,
Real Lady,RL S150H,RL S150H,https://us.dollstudio.org/products/doll/real-lady/rl-s150h,secondary,150.0,28.0,76.0,49.0,90.0,,,Silicone,2860.0,USD,0.544,1.551,The Icon,near,Nearest family center with one ratio inside range,
Real Lady,RL S159,RL S159,https://us.dollstudio.org/products/doll/real-lady/rl-s159,secondary,159.0,31.0,89.0,56.0,95.0,,,Silicone,2960.0,USD,0.589,1.589,The Empress,exact,Both WHR and BWR fall inside the family range,
Real Lady,RL S168G,RL S168G,https://us.dollstudio.org/products/doll/real-lady/rl-s168g,secondary,168.0,41.0,94.0,60.0,101.0,,,Silicone,2990.0,USD,0.594,1.567,The Empress,exact,Both WHR and BWR fall inside the family range,
Real Lady,RL S170D,RL S170D,https://us.dollstudio.org/products/doll/real-lady/rl-s170d,secondary,170.0,46.0,87.0,63.0,105.0,,,Silicone,2990.0,USD,0.6,1.381,The Muse,near,Nearest family center with one ratio inside range,
Angel Kiss,AK S157,AK S157,https://us.dollstudio.org/products/doll/angel-kiss/ak-s157,secondary,157.0,28.0,75.0,52.0,93.0,,,Silicone,2150.0,USD,0.559,1.442,The Sculpt,manual-review,Nearest family center outside both range bands,
Angel Kiss,AK S160,AK S160,https://us.dollstudio.org/products/doll/angel-kiss/ak-s160,secondary,160.0,34.0,69.0,56.0,93.0,,,Silicone,2390.0,USD,0.602,1.232,The Muse,manual-review,Nearest family center outside both range bands,
Angel Kiss,AK S162B,AK S162B,https://us.dollstudio.org/products/doll/angel-kiss/ak-s162b,secondary,162.0,31.0,72.0,52.0,92.0,,,Silicone,2390.0,USD,0.565,1.385,The Muse,near,Nearest family center with one ratio inside range,
Angel Kiss,AK S164C2,AK S164C2,https://us.dollstudio.org/products/doll/angel-kiss/ak-s164c2,secondary,164.0,29.0,80.0,56.0,93.0,,,Silicone,2390.0,USD,0.602,1.429,The Sculpt,manual-review,Nearest family center outside both range bands,
Angel Kiss,AK S164H,AK S164H,https://us.dollstudio.org/products/doll/angel-kiss/ak-s164h,secondary,164.0,34.0,94.0,61.0,107.0,,,Silicone,2390.0,USD,0.57,1.541,The Icon,near,Nearest family center with one ratio inside range,
Angel Kiss,AK S168G,AK S168G,https://us.dollstudio.org/products/doll/angel-kiss/ak-s168g,secondary,165.0,37.0,82.0,54.0,87.0,,,Silicone,2390.0,USD,0.621,1.519,The Icon,exact,Both WHR and BWR fall inside the family range,
Angel Kiss,AK S167A,AK S167A,https://us.dollstudio.org/products/doll/angel-kiss/ak-s167a,secondary,167.0,28.0,78.0,57.0,97.0,,,Silicone,2390.0,USD,0.588,1.368,The Muse,near,Nearest family center with one ratio inside range,
Angel Kiss,AK S167D,AK S167D,https://us.dollstudio.org/products/doll/angel-kiss/ak-s167d,secondary,167.0,31.0,82.0,57.0,99.0,,,Silicone,2390.0,USD,0.576,1.439,The Sculpt,manual-review,Nearest family center outside both range bands,
Angel Kiss,AK S168,AK S168,https://us.dollstudio.org/products/doll/angel-kiss/ak-s168,secondary,168.0,27.0,77.0,55.0,95.0,,,Silicone,2390.0,USD,0.579,1.4,The Muse,near,Nearest family center with one ratio inside range,
Angel Kiss,AK S172A,AK S172A,https://us.dollstudio.org/products/doll/angel-kiss/ak-s172a,secondary,172.0,39.0,81.0,65.0,92.0,,,Silicone,2390.0,USD,0.707,1.246,The Muse,manual-review,Nearest family center outside both range bands,
Irokebijin,IK S90C,IK S90C,https://us.dollstudio.org/products/doll/irokebijin/ik-s90c,secondary,90.0,10.0,45.0,32.0,55.0,,,Silicone,940.0,USD,0.582,1.406,The Muse,manual-review,Nearest family center outside both range bands,
Irokebijin,IK T90C,IK T90C,https://us.dollstudio.org/products/doll/irokebijin/ik-t90c,secondary,90.0,8.0,42.0,33.0,56.0,,,TPE,740.0,USD,0.589,1.273,The Muse,manual-review,Nearest family center outside both range bands,
Irokebijin,IK S95D,IK S95D,https://us.dollstudio.org/products/doll/irokebijin/ik-s95d,secondary,95.0,12.0,47.0,35.0,56.0,,,Silicone,940.0,USD,0.625,1.343,The Muse,near,Nearest family center with one ratio inside range,
Irokebijin,IK S95F,IK S95F,https://us.dollstudio.org/products/doll/irokebijin/ik-s95f,secondary,95.0,12.0,53.0,34.0,56.0,,,Silicone,940.0,USD,0.607,1.559,The Icon,exact,Both WHR and BWR fall inside the family range,
Irokebijin,IKT 95E,IKT 95E,https://us.dollstudio.org/products/doll/irokebijin/ikt-95e,secondary,95.0,9.0,51.0,32.0,53.0,,,TPE,790.0,USD,0.604,1.594,The Empress,exact,Both WHR and BWR fall inside the family range,
Irokebijin,IKT 110G,IKT 110G,https://us.dollstudio.org/products/doll/irokebijin/ikt-110g,secondary,110.0,11.0,58.0,42.0,60.0,,,TPE,790.0,USD,0.7,1.381,The Muse,exact,Both WHR and BWR fall inside the family range,
Irokebijin,IKS 135C,IKS 135C,https://us.dollstudio.org/products/doll/irokebijin/iks-135c,secondary,135.0,20.0,64.0,43.0,74.0,,,Silicone,1990.0,USD,0.581,1.488,The Icon,manual-review,Nearest family center outside both range bands,
Irokebijin,IK S140F,IK S140F,https://us.dollstudio.org/products/doll/irokebijin/ik-s140f,secondary,140.0,29.0,75.0,52.0,85.0,,,Silicone,2150.0,USD,0.612,1.442,The Sculpt,manual-review,Nearest family center outside both range bands,
Irokebijin,IK S147F,IK S147F,https://us.dollstudio.org/products/doll/irokebijin/ik-s147f,secondary,147.0,25.0,81.0,53.0,88.0,,,Silicone,2090.0,USD,0.602,1.528,The Icon,exact,Both WHR and BWR fall inside the family range,
Irokebijin,IK S160G,IK S160G,https://us.dollstudio.org/products/doll/irokebijin/ik-s160g,secondary,160.0,32.0,84.0,53.0,90.0,,,Silicone,1990.0,USD,0.589,1.585,The Empress,exact,Both WHR and BWR fall inside the family range,
JK Doll,JK T160 JK1,JK T160 JK1,https://us.dollstudio.org/products/doll/jk-doll/jk-t160-jk1,secondary,160.0,28.0,72.0,48.0,85.0,,,TPE,1699.0,USD,0.565,1.5,The Icon,near,Nearest family center with one ratio inside range,
JK Doll,JK T160 JK6,JK T160 JK6,https://us.dollstudio.org/products/doll/jk-doll/jk-t160-jk6,secondary,160.0,36.0,77.0,56.0,94.0,,,TPE,1699.0,USD,0.596,1.375,The Muse,near,Nearest family center with one ratio inside range,
JK Doll,JK T160 JK7,JK T160 JK7,https://us.dollstudio.org/products/doll/jk-doll/jk-t160-jk7,secondary,160.0,35.0,76.0,54.0,91.0,,,TPE,1699.0,USD,0.593,1.407,The Muse,manual-review,Nearest family center outside both range bands,
JK Doll,JK T165 JK4,JK T165 JK4,https://us.dollstudio.org/products/doll/jk-doll/jk-t165-jk4,secondary,165.0,40.0,86.0,55.0,95.0,,,TPE,1699.0,USD,0.579,1.564,The Empress,near,Nearest family center with one ratio inside range,
SM Doll,SM 140,SM 140,https://us.dollstudio.org/products/doll/sm-doll/sm-140,secondary,140.0,25.0,74.0,50.0,74.0,,,TPE,1473.0,USD,0.676,1.48,The Sculpt,exact,Both WHR and BWR fall inside the family range,
SM Doll,SM 150L,SM 150L,https://us.dollstudio.org/products/doll/sm-doll/sm-150l,secondary,150.0,28.0,99.0,46.0,50.0,,,TPE,1739.0,USD,0.92,2.152,The Siren,manual-review,Nearest family center outside both range bands,
SM Doll,SM 158D,SM 158D,https://us.dollstudio.org/products/doll/sm-doll/sm-158d,secondary,158.0,38.0,82.0,51.0,106.0,,,TPE,1715.0,USD,0.481,1.608,The Siren,near,Nearest family center with one ratio inside range,
SM Doll,SM 163A,SM 163A,https://us.dollstudio.org/products/doll/sm-doll/sm-163a,secondary,163.0,32.0,70.0,55.0,83.0,,,TPE,1763.0,USD,0.663,1.273,The Muse,near,Nearest family center with one ratio inside range,
SM Doll,SM 163D,SM 163D,https://us.dollstudio.org/products/doll/sm-doll/sm-163d,secondary,163.0,33.0,82.0,55.0,83.0,,,TPE,1763.0,USD,0.663,1.491,The Sculpt,exact,Both WHR and BWR fall inside the family range,
SM Doll,SM 163G,SM 163G,https://us.dollstudio.org/products/doll/sm-doll/sm-163g,secondary,163.0,34.0,89.0,55.0,82.0,,,TPE,1763.0,USD,0.671,1.618,The Empress,near,Nearest family center with one ratio inside range,
SM Doll,SM 170C,SM 170C,https://us.dollstudio.org/products/doll/sm-doll/sm-170c,secondary,170.0,43.0,88.0,63.0,96.0,,,TPE,2029.0,USD,0.656,1.397,The Muse,exact,Both WHR and BWR fall inside the family range,
SM Doll,SM 170E,SM 170E,https://us.dollstudio.org/products/doll/sm-doll/sm-170e,secondary,170.0,52.0,89.0,63.0,110.0,,,TPE,2162.0,USD,0.573,1.413,The Muse,manual-review,Nearest family center outside both range bands,
SM Doll,SM 170G,SM 170G,https://us.dollstudio.org/products/doll/sm-doll/sm-170g,secondary,170.0,55.0,99.0,77.0,106.0,,,TPE,2283.0,USD,0.726,1.286,The Muse,manual-review,Nearest family center outside both range bands,
SM Doll,SM 175L,SM 175L,https://us.dollstudio.org/products/doll/sm-doll/sm-175l,secondary,175.0,46.0,110.0,54.0,97.0,,,TPE,1990.0,USD,0.557,2.037,The Siren,near,Nearest family center with one ratio inside range,
Hitdoll,HI 150,HI 150,https://us.dollstudio.org/products/doll/hitdoll/hi-150,secondary,150.0,25.0,79.0,47.0,73.0,,,Silicone,1159.0,USD,0.644,1.681,The Siren,near,Nearest family center with one ratio inside range,
Hitdoll,HI 155,HI 155,https://us.dollstudio.org/products/doll/hitdoll/hi-155,secondary,155.0,26.0,93.0,50.0,85.0,,,Silicone,1317.0,USD,0.588,1.86,The Siren,near,Nearest family center with one ratio inside range,
Hitdoll,HI 160BB,HI 160BB,https://us.dollstudio.org/products/doll/hitdoll/hi-160bb,secondary,160.0,27.0,90.0,63.0,88.0,,,Silicone,1437.0,USD,0.716,1.429,The Classic,exact,Both WHR and BWR fall inside the family range,
Hitdoll,HI 162,HI 162,https://us.dollstudio.org/products/doll/hitdoll/hi-162,secondary,162.0,32.0,86.0,63.0,86.0,,,Silicone,1437.0,USD,0.733,1.365,The Muse,near,Nearest family center with one ratio inside range,
Hitdoll,HI 170,HI 170,https://us.dollstudio.org/products/doll/hitdoll/hi-170,secondary,170.0,41.0,108.0,79.0,106.0,,,Silicone,1558.0,USD,0.745,1.367,The Muse,near,Nearest family center with one ratio inside range,
ILdoll,IL 140,IL 140,https://us.dollstudio.org/products/doll/ildoll/il-140,secondary,140.0,16.0,73.0,44.0,73.0,,,Silicone,984.0,USD,0.603,1.659,The Siren,near,Nearest family center with one ratio inside range,
ILdoll,IL 150,IL 150,https://us.dollstudio.org/products/doll/ildoll/il-150,secondary,150.0,25.0,79.0,47.0,73.0,,,Silicone,1159.0,USD,0.644,1.681,The Siren,near,Nearest family center with one ratio inside range,
ILdoll,IL 156,IL 156,https://us.dollstudio.org/products/doll/ildoll/il-156,secondary,156.0,31.0,76.0,60.0,88.0,,,Silicone,1460.0,USD,0.682,1.267,The Muse,near,Nearest family center with one ratio inside range,
ILdoll,IL 160BB,IL 160BB,https://us.dollstudio.org/products/doll/ildoll/il-160bb,secondary,160.0,27.0,90.0,63.0,88.0,,,Silicone,1437.0,USD,0.716,1.429,The Classic,exact,Both WHR and BWR fall inside the family range,
ILdoll,IL 170,IL 170,https://us.dollstudio.org/products/doll/ildoll/il-170,secondary,170.0,41.0,108.0,79.0,106.0,,,Silicone,1558.0,USD,0.745,1.367,The Muse,near,Nearest family center with one ratio inside range,
Jiusheng,JI S148B,JI S148B,https://us.dollstudio.org/products/doll/jiusheng/ji-s148b,secondary,148.0,24.0,69.0,49.0,79.0,,,Silicone,2890.0,USD,0.62,1.408,The Muse,manual-review,Nearest family center outside both range bands,
Jiusheng,JI S149B,JI S149B,https://us.dollstudio.org/products/doll/jiusheng/ji-s149b,secondary,149.0,29.0,70.0,50.0,81.0,,,Silicone,2890.0,USD,0.617,1.4,The Muse,near,Nearest family center with one ratio inside range,
Jiusheng,JI S151B,JI S151B,https://us.dollstudio.org/products/doll/jiusheng/ji-s151b,secondary,151.0,26.0,75.0,60.0,79.0,,,Silicone,2090.0,USD,0.759,1.25,The Muse,manual-review,Nearest family center outside both range bands,
Jiusheng,JI S152E,JI S152E,https://us.dollstudio.org/products/doll/jiusheng/ji-s152e,secondary,152.0,33.0,80.0,54.0,96.0,,,Silicone,2090.0,USD,0.562,1.481,The Icon,manual-review,Nearest family center outside both range bands,
Jiusheng,JI S155F,JI S155F,https://us.dollstudio.org/products/doll/jiusheng/ji-s155f,secondary,155.0,35.0,77.0,54.0,89.0,,,Silicone,2490.0,USD,0.607,1.426,The Sculpt,manual-review,Nearest family center outside both range bands,
Jiusheng,JI T155F,JI T155F,https://us.dollstudio.org/products/doll/jiusheng/ji-t155f,secondary,155.0,33.0,77.0,54.0,89.0,,,Silicone,1490.0,USD,0.607,1.426,The Sculpt,manual-review,Nearest family center outside both range bands,
Jiusheng,JI ST168C,JI ST168C,https://us.dollstudio.org/products/doll/jiusheng/ji-st168c,secondary,168.0,33.0,78.0,55.0,86.0,,,Silicone,1690.0,USD,0.64,1.418,The Classic,near,Nearest family center with one ratio inside range,
Jiusheng,JI S180 MALE,JI S180 MALE,https://us.dollstudio.org/products/doll/jiusheng/ji-s180-male,secondary,180.0,35.0,94.0,67.0,88.0,,,Silicone,2490.0,USD,0.761,1.403,The Classic,near,Nearest family center with one ratio inside range,
Game Lady,GL S166D,GL S166D,https://us.dollstudio.org/products/doll/game-lady/gl-s166d,secondary,16.0,43.0,82.0,55.0,86.0,,,Silicone,2590.0,USD,0.64,1.491,The Sculpt,near,Nearest family center with one ratio inside range,
Game Lady,GL S156H,GL S156H,https://us.dollstudio.org/products/doll/game-lady/gl-s156h,secondary,156.0,30.0,77.0,50.0,88.0,,,Silicone,2590.0,USD,0.568,1.54,The Icon,near,Nearest family center with one ratio inside range,
Game Lady,GL S165F,GL S165F,https://us.dollstudio.org/products/doll/game-lady/gl-s165f,secondary,165.0,38.0,89.0,57.0,100.0,,,Silicone,2590.0,USD,0.57,1.561,The Empress,near,Nearest family center with one ratio inside range,
Game Lady,GL S167D,GL S167D,https://us.dollstudio.org/products/doll/game-lady/gl-s167d,secondary,167.0,36.0,82.0,59.0,100.0,,,Silicone,2590.0,USD,0.59,1.39,The Muse,near,Nearest family center with one ratio inside range,
Game Lady,GL S168D,GL S168D,https://us.dollstudio.org/products/doll/game-lady/gl-s168d,secondary,168.0,40.0,83.0,62.0,96.0,,,Silicone,2590.0,USD,0.646,1.339,The Muse,near,Nearest family center with one ratio inside range,
Game Lady,GL S171G,GL S171G,https://us.dollstudio.org/products/doll/game-lady/gl-s171g,secondary,171.0,37.0,91.0,59.0,97.0,,,Silicone,2590.0,USD,0.608,1.542,The Icon,exact,Both WHR and BWR fall inside the family range,
Gynoid,GT 155E,GT 155E,https://us.dollstudio.org/products/doll/gynoid/gt-155e,secondary,155.0,28.0,83.0,58.0,88.0,,,Silicone,4401.0,USD,0.659,1.431,The Classic,near,Nearest family center with one ratio inside range,
Gynoid,GT 160,GT 160,https://us.dollstudio.org/products/doll/gynoid/gt-160,secondary,160.0,28.0,83.0,57.0,87.0,,,Silicone,4491.0,USD,0.655,1.456,The Sculpt,exact,Both WHR and BWR fall inside the family range,
Gynoid,GT 162A,GT 162A,https://us.dollstudio.org/products/doll/gynoid/gt-162a,secondary,162.0,28.0,73.0,56.0,85.0,,,Silicone,5391.0,USD,0.659,1.304,The Muse,exact,Both WHR and BWR fall inside the family range,
Gynoid,GT 163E,GT 163E,https://us.dollstudio.org/products/doll/gynoid/gt-163e,secondary,163.0,28.0,89.0,60.0,94.0,,,Silicone,5841.0,USD,0.638,1.483,The Sculpt,near,Nearest family center with one ratio inside range,
Gynoid,GT 165D,GT 165D,https://us.dollstudio.org/products/doll/gynoid/gt-165d,secondary,165.0,32.0,86.0,61.0,90.0,,,Silicone,5391.0,USD,0.678,1.41,The Classic,near,Nearest family center with one ratio inside range,
Gynoid,GT 168D,GT 168D,https://us.dollstudio.org/products/doll/gynoid/gt-168d,secondary,168.0,29.0,82.0,55.0,90.0,,,Silicone,5841.0,USD,0.611,1.491,The Sculpt,near,Nearest family center with one ratio inside range,
Gynoid,GT 168F,GT 168F,https://us.dollstudio.org/products/doll/gynoid/gt-168f,secondary,168.0,30.0,91.0,62.0,92.0,,,Silicone,5841.0,USD,0.674,1.468,The Sculpt,exact,Both WHR and BWR fall inside the family range,
Gynoid,GT 170E,GT 170E,https://us.dollstudio.org/products/doll/gynoid/gt-170e,secondary,170.0,30.0,89.0,62.0,91.0,,,Silicone,5301.0,USD,0.681,1.435,The Classic,exact,Both WHR and BWR fall inside the family range,
Gynoid,GT 172D,GT 172D,https://us.dollstudio.org/products/doll/gynoid/gt-172d,secondary,172.0,36.0,85.0,60.0,88.0,,,Silicone,5301.0,USD,0.682,1.417,The Classic,exact,Both WHR and BWR fall inside the family range,
Gynoid,GT 180,GT 180,https://us.dollstudio.org/products/doll/gynoid/gt-180,secondary,180.0,34.0,89.0,63.0,94.0,,,Silicone,7038.0,USD,0.67,1.413,The Classic,near,Nearest family center with one ratio inside range,
ZELEX (Dollstudio),ZE S130B,ZE S130B,https://us.dollstudio.org/products/doll/zelex/ze-s130b,secondary,130.0,25.0,67.0,50.0,75.0,,,Silicone,1890.0,USD,0.667,1.34,The Muse,exact,Both WHR and BWR fall inside the family range,
ZELEX (Dollstudio),ZE S143H,ZE S143H,https://us.dollstudio.org/products/doll/zelex/ze-s143h,secondary,143.0,29.0,85.0,54.0,82.0,,,Silicone,2300.0,USD,0.659,1.574,The Icon,near,Nearest family center with one ratio inside range,
ZELEX (Dollstudio),ZG S155C,ZG S155C,https://us.dollstudio.org/products/doll/zelex/zg-s155c,secondary,155.0,29.0,80.0,59.0,88.0,,,Silicone,1790.0,USD,0.67,1.356,The Muse,exact,Both WHR and BWR fall inside the family range,
ZELEX (Dollstudio),ZE S165E,ZE S165E,https://us.dollstudio.org/products/doll/zelex/ze-s165e,secondary,165.0,37.0,89.0,64.0,97.0,,,Silicone,2090.0,USD,0.66,1.391,The Muse,exact,Both WHR and BWR fall inside the family range,
ZELEX (Dollstudio),ZE T16587,ZE T16587,https://us.dollstudio.org/products/doll/zelex/ze-t16587,secondary,165.0,33.0,87.0,57.0,80.0,,,TPE,1390.0,USD,0.713,1.526,The Sculpt,near,Nearest family center with one ratio inside range,
ZELEX (Dollstudio),ZE T165F,ZE T165F,https://us.dollstudio.org/products/doll/zelex/ze-t165f,secondary,165.0,46.0,89.0,65.0,94.0,,,TPE,1690.0,USD,0.691,1.369,The Muse,exact,Both WHR and BWR fall inside the family range,
ZELEX (Dollstudio),ZE T168E,ZE T168E,https://us.dollstudio.org/products/doll/zelex/ze-t168e,secondary,168.0,36.0,83.0,56.0,87.0,,,Silicone,1690.0,USD,0.644,1.482,The Sculpt,near,Nearest family center with one ratio inside range,
ZELEX (Dollstudio),ZE T170C,ZE T170C,https://us.dollstudio.org/products/doll/zelex/ze-t170c,secondary,170.0,42.0,88.0,65.0,94.0,,,TPE,1690.0,USD,0.691,1.354,The Muse,exact,Both WHR and BWR fall inside the family range,
ZELEX (Dollstudio),ZE S172E,ZE S172E,https://us.dollstudio.org/products/doll/zelex/ze-s172e,secondary,172.0,40.0,83.0,55.0,97.0,,,Silicone,2450.0,USD,0.567,1.509,The Icon,near,Nearest family center with one ratio inside range,
ZELEX (Dollstudio),ZG S175E,ZG S175E,https://us.dollstudio.org/products/doll/zelex/zg-s175e,secondary,175.0,40.0,89.0,66.0,97.0,,,Silicone,2290.0,USD,0.68,1.348,The Muse,exact,Both WHR and BWR fall inside the family range,
Irontech Doll,LIFESTYLE MUSE SEX DOLL 153CM S31 VIVIAN ROS MAX TANNED,Lifestyle Muse Sex Doll 153cm S31 Vivian ROS MAX Tanned - Irontech Doll Official Website | Silicone & TPE Sex Doll,https://www.irontechdoll.com/product/lifestyle-muse-sex-doll-153cm-s31-vivian-ros-max-tanned,official,153.0,31.0,72.5,50.0,97.5,53.6,E,Silicone; Metal skeleton,2750.0,USD,0.513,1.45,The Icon,manual-review,Nearest family center outside both range bands,Deduplicated by body code from Irontech product catalogue
Irontech Doll,ART LECTURER SEX DOLL 158T A4 ROS MAX MISAKI SILK GLOW,Art Lecturer Sex Doll 158T A4 Misaki ROS MAX Silk Glow - Irontech Doll Official Website | Silicone & TPE Sex Doll,https://www.irontechdoll.com/product/art-lecturer-sex-doll-158t-a4-ros-max-misaki-silk-glow,official,158.0,33.0,87.5,58.1,94.0,65.6,E,Silicone; Metal skeleton,3379.0,USD,0.618,1.506,The Icon,exact,Both WHR and BWR fall inside the family range,Deduplicated by body code from Irontech product catalogue
Irontech Doll,JAPANESE DJ DARK TANNED SKIN SEX DOLL 164CM S40 EILEEN ROS MAX,Irontech Sex Doll- Japanese DJ 164cm S40 ROS MAX Eileen,https://www.irontechdoll.com/product/japanese-dj-dark-tanned-skin-sex-doll-164cm-s40-eileen-ros-max,official,164.0,42.0,81.0,55.0,104.7,60.6,E,Silicone; Metal skeleton,2950.0,USD,0.525,1.473,The Icon,manual-review,Nearest family center outside both range bands,Deduplicated by body code from Irontech product catalogue
Irontech Doll,LATE INVITATION SEX DOLL 164CM S13 CELINE ROS MAX TANNED,The Late Invitation Sex Doll 164cm S13 Celine ROS MAX Tanned - Irontech Doll Official Website | Silicone & TPE Sex Doll,https://www.irontechdoll.com/product/late-invitation-sex-doll-164cm-s13-celine-ros-max-tanned,official,164.0,42.0,81.0,55.0,104.7,60.6,E,Silicone; Metal skeleton,2750.0,USD,0.525,1.473,The Icon,manual-review,Nearest family center outside both range bands,Deduplicated by body code from Irontech product catalogue
Irontech Doll,SPANISH MODEL DARK TANNED SKIN SEX DOLL 164CM S17 LUNA ROS MAX,Irontech Sex Doll - Dark Tanned 164cm S17 Luna ROS MAX,https://www.irontechdoll.com/product/spanish-model-dark-tanned-skin-sex-doll-164cm-s17-luna-ros-max,official,164.0,42.0,81.0,55.0,104.7,60.6,E,Silicone; Metal skeleton,2950.0,USD,0.525,1.473,The Icon,manual-review,Nearest family center outside both range bands,Deduplicated by body code from Irontech product catalogue
Irontech Doll,WESTERN COWGIRL DARK TANNED SKIN SEX DOLL 164CM S13 CELINE ROS MAX,Irontech Sex Doll- Japanese DJ 164cm S40 ROS MAX Eileen,https://www.irontechdoll.com/product/western-cowgirl-dark-tanned-skin-sex-doll-164cm-s13-celine-ros-max,official,164.0,42.0,81.0,55.0,104.7,60.6,E,Silicone; Metal skeleton,2950.0,USD,0.525,1.473,The Icon,manual-review,Nearest family center outside both range bands,Deduplicated by body code from Irontech product catalogue
Irontech Doll,ACADEMY FLIRT SEX DOLL 165CM S32 KITTY ROS MAX NATURAL,Academy Flirt Sex Doll 165cm S32 Kitty ROS MAX Natrual - Irontech Doll Official Website | Silicone & TPE Sex Doll,https://www.irontechdoll.com/product/academy-flirt-sex-doll-165cm-s32-kitty-ros-max-natural,official,165.0,33.0,84.6,55.8,94.3,61.4,F,Silicone; Metal skeleton,2750.0,USD,0.592,1.516,The Icon,near,Nearest family center with one ratio inside range,Deduplicated by body code from Irontech product catalogue
Irontech Doll,QUIET TEMPTRESS SEX DOLL 165CM S27 IVY ROS MAX TANNED,Quiet Temptress Sex Doll 165cm S27 Ivy ROS MAX Tanned - Irontech Doll Official Website | Silicone & TPE Sex Doll,https://www.irontechdoll.com/product/quiet-temptress-sex-doll-165cm-s27-ivy-ros-max-tanned,official,165.0,33.0,84.6,55.8,94.3,61.4,F,Silicone; Metal skeleton,2750.0,USD,0.592,1.516,The Icon,near,Nearest family center with one ratio inside range,Deduplicated by body code from Irontech product catalogue
Irontech Doll,SULTRY MUSES SEX DOLL 165CM S32 KITTY ROS MAX DARK TANNED,Sultry Muse Sex Doll 165cm S32 Kitty ROS MAX Dark Tanned - Irontech Doll Official Website | Silicone & TPE Sex Doll,https://www.irontechdoll.com/product/sultry-muses-sex-doll-165cm-s32-kitty-ros-max-dark-tanned,official,165.0,33.0,84.6,55.8,94.3,61.4,F,Silicone; Metal skeleton,2750.0,USD,0.592,1.516,The Icon,near,Nearest family center with one ratio inside range,Deduplicated by body code from Irontech product catalogue
Irontech Doll,STOIC LISTENER SEX DOLL 168CM S13 CELINE ROS MAX NATURAL,Stoic Listener Sex Doll 168cm S19 Pearl ROS MAX Natural - Irontech Doll Official Website | Silicone & TPE Sex Doll,https://www.irontechdoll.com/product/stoic-listener-sex-doll-168cm-s13-celine-ros-max-natural,official,168.0,,82.0,63.0,97.0,70.0,B,Silicone; Metal skeleton,2750.0,USD,0.649,1.302,The Muse,near,Nearest family center with one ratio inside range,Deduplicated by body code from Irontech product catalogue
Irontech Doll,STOIC LISTENER SEX DOLL 168CM S19 PEARL ROS MAX NATURAL,Stoic Listener Sex Doll 168cm S19 Pearl ROS MAX Natural - Irontech Doll Official Website | Silicone & TPE Sex Doll,https://www.irontechdoll.com/product/stoic-listener-sex-doll-168cm-s19-pearl-ros-max-natural,official,168.0,,82.0,63.0,97.0,70.0,B,Silicone; Metal skeleton,2750.0,USD,0.649,1.302,The Muse,near,Nearest family center with one ratio inside range,Deduplicated by body code from Irontech product catalogue
Tayu,TAYU 88CM TORSO E CUP,"88cm E Cup Torso Head#9 NaiMei Set1 - Tayu Doll: Lighter, Softer, Easier",https://www.tayu-doll.com/product/88cm-e-cup-torso-head9-naimei-set1/,official,88.0,17.0,87.0,58.0,96.0,62.0,E,Silicone Because each doll is made by hand,2400.0,USD,0.604,1.5,The Icon,exact,Both WHR and BWR fall inside the family range,Deduplicated by body descriptor from Tayu product sitemap
Tayu,TAYU 100CM TORSO D+ CUP,"100cm D+ Cup Torso Head#9 Naimei Set1 - Tayu Doll: Lighter, Softer, Easier",https://www.tayu-doll.com/product/100cm-d-cup-torso-head9-naimei-set1/,official,100.0,14.5,77.0,53.0,80.0,59.0,D+,Silicone Because each doll is made by hand,2400.0,USD,0.662,1.453,The Sculpt,exact,Both WHR and BWR fall inside the family range,Deduplicated by body descriptor from Tayu product sitemap
Tayu,TAYU 148CM A CUP,Petite TAYU Love Doll Qiaoxi 148cm – Slim A Cup Beauty,https://www.tayu-doll.com/product/petite-tayu-love-doll-qiaoxi-148cm-a-cup/,official,148.0,17.0,66.0,53.0,80.0,59.0,A,Silicone Because each doll is made by hand,3300.0,USD,0.662,1.245,The Muse,near,Nearest family center with one ratio inside range,Deduplicated by body descriptor from Tayu product sitemap
Tayu,TAYU 148CM D+ CUP,Slim TAYU Sex Doll Menghui 148cm – Petite D Cup Cutie,https://www.tayu-doll.com/product/slim-tayu-sex-doll-menghui-148cm-d-cup/,official,148.0,17.0,77.0,53.0,80.0,59.0,D+,Silicone Because each doll is made by hand,3300.0,USD,0.662,1.453,The Sculpt,exact,Both WHR and BWR fall inside the family range,Deduplicated by body descriptor from Tayu product sitemap
Tayu,TAYU NOVA 148CM D+ CUP,Affordable Asian Sex Doll Naimei TAYU NOVA 148cm D Cup,https://www.tayu-doll.com/product/affordable-asian-sex-doll-naimei-nova/,official,148.0,29.0,74.0,52.5,80.0,57.0,D+,NOVA Skin color,1980.0,USD,0.656,1.41,The Classic,near,Nearest family center with one ratio inside range,Deduplicated by body descriptor from Tayu product sitemap
Tayu,TAYU 150CM C CUP,"150cm C Cup Head#15 Katniss Set1 - Tayu Doll: Lighter, Softer, Easier",https://www.tayu-doll.com/product/150cm-c-cup-head15-katniss-set1/,official,150.0,19.0,80.0,57.0,87.0,65.0,C,Silicone Because each doll is made by hand,3300.0,USD,0.655,1.404,The Muse,near,Nearest family center with one ratio inside range,Deduplicated by body descriptor from Tayu product sitemap
Tayu,TAYU 151CM E+ CUP,"151cm E Cup Head#17 Azina Set1 - Tayu Doll: Lighter, Softer, Easier",https://www.tayu-doll.com/product/151cm-e-cup-head17-azina-set1/,official,151.0,21.0,83.0,54.0,88.0,56.0,E+,Silicone Because each doll is made by hand,3400.0,USD,0.614,1.537,The Icon,exact,Both WHR and BWR fall inside the family range,Deduplicated by body descriptor from Tayu product sitemap
Tayu,TAYU 155CM B CUP,"155cm B Cup Head#6 NaiMei Set4 - Tayu Doll: Lighter, Softer, Easier",https://www.tayu-doll.com/product/155cm-b-cup-head6-naimei-set4/,official,155.0,21.0,79.0,57.0,92.0,64.0,B,Silicone Because each doll is made by hand,3600.0,USD,0.62,1.386,The Muse,near,Nearest family center with one ratio inside range,Deduplicated by body descriptor from Tayu product sitemap
Tayu,TAYU 155CM I CUP,"155cm I Cup Head#6 NaiMei Set1 - Tayu Doll: Lighter, Softer, Easier",https://www.tayu-doll.com/product/155cm-i-cup-head6-naimei-set1/,official,155.0,25.0,96.0,57.0,92.0,64.0,I,Silicone Because each doll is made by hand,3800.0,USD,0.62,1.684,The Siren,near,Nearest family center with one ratio inside range,Deduplicated by body descriptor from Tayu product sitemap
Tayu,TAYU 158CM C+ CUP,"158cm C+ Cup Head#18 Riley Set1 - Tayu Doll: Lighter, Softer, Easier",https://www.tayu-doll.com/product/158cm-c-cup-head18-riley-set1/,official,158.0,19.0,74.0,48.0,84.0,55.0,C+,Silicone Because each doll is made by hand,3850.0,USD,0.571,1.542,The Icon,near,Nearest family center with one ratio inside range,Deduplicated by body descriptor from Tayu product sitemap
Tayu,TAYU 158CM D CUP,"158cm D Cup Head#15 Katniss Set1 - Tayu Doll: Lighter, Softer, Easier",https://www.tayu-doll.com/product/158cm-d-cup-head15-katniss-set1/,official,158.0,23.0,84.0,58.0,95.0,63.0,D,Silicone Because each doll is made by hand,3900.0,USD,0.611,1.448,The Sculpt,manual-review,Nearest family center outside both range bands,Deduplicated by body descriptor from Tayu product sitemap
Tayu,TAYU NOVA SERIES 158CM C CUP,Athletic Style Companion Doll Elite TAYU Nova Lexi,https://www.tayu-doll.com/product/tayu-nova-lexi-158cm/,official,158.0,31.0,74.0,48.0,84.0,55.0,C,NOVA Skin color,2150.0,USD,0.571,1.542,The Icon,near,Nearest family center with one ratio inside range,Deduplicated by body descriptor from Tayu product sitemap
Tayu,TAYU NOVA SERIES 158CM C CUP COLLECTION: NOVA SERIES BODY WEIGHT: 31KG / 68 LBS HEIG,Charming Japanese Sex Doll Angel TAYU NOVA Series 158cm,https://www.tayu-doll.com/product/charming-japanese-sex-doll-angel-nova/,official,158.0,31.0,74.0,48.0,84.0,55.0,C,NOVA Skin color,2150.0,USD,0.571,1.542,The Icon,near,Nearest family center with one ratio inside range,Deduplicated by body descriptor from Tayu product sitemap
Tayu,TAYU 160CM A CUP,Youthful Companion Doll Elegant TAYU Katniss,https://www.tayu-doll.com/product/tayu-katniss-160cm/,official,160.0,20.5,73.0,57.5,86.0,64.0,A,Silicone Because each doll is made by hand,3850.0,USD,0.669,1.27,The Muse,near,Nearest family center with one ratio inside range,Deduplicated by body descriptor from Tayu product sitemap
Tayu,TAYU 160CM A CUP COLLECTION: SILICONE SERIES BODY WEIGHT: 20,Natural Beauty Figure Elegant Angel Head 12 160cm,https://www.tayu-doll.com/product/angel-head-12-160cm/,official,160.0,20.5,73.0,57.5,86.0,64.0,A,Silicone Because each doll is made by hand,3850.0,USD,0.669,1.27,The Muse,near,Nearest family center with one ratio inside range,Deduplicated by body descriptor from Tayu product sitemap
Tayu,TAYU DOLL 160CM E CUP SILICONE,Hot College Girl Sex Doll Lilia 160cm E Cup TAYU Doll,https://www.tayu-doll.com/product/hot-college-girl-sex-doll-lilia-160cm/,official,160.0,27.0,88.0,70.0,98.0,66.0,E,Silicone Because each doll is made by hand,4200.0,USD,0.714,1.257,The Muse,manual-review,Nearest family center outside both range bands,Deduplicated by body descriptor from Tayu product sitemap
Tayu,TAYU 161CM F CUP,"161cm F Cup Head#17 Azina Set1 - Tayu Doll: Lighter, Softer, Easier",https://www.tayu-doll.com/product/161cm-f-cup-head17-azina-set1/,official,161.0,23.0,83.0,60.0,94.0,59.0,F,Silicone Because each doll is made by hand,4200.0,USD,0.638,1.383,The Muse,near,Nearest family center with one ratio inside range,Deduplicated by body descriptor from Tayu product sitemap
Tayu,TAYU 163CM D CUP,"163cm D Cup Head#1 Eva Set1 - Tayu Doll: Lighter, Softer, Easier",https://www.tayu-doll.com/product/163cm-d-cup-head1-eva-set1/,official,163.0,25.0,86.0,59.0,88.0,67.0,D,Silicone Because each doll is made by hand,4300.0,USD,0.67,1.458,The Sculpt,exact,Both WHR and BWR fall inside the family range,Deduplicated by body descriptor from Tayu product sitemap
Tayu,TAYU 163CM D CUP WITH SKIN TEXTURE,Ultra Realistic Silicone Sex Doll – TAYU Peach 163cm D - Cup,https://www.tayu-doll.com/product/ultra-realistic-silicone-sex-doll-tayu/,official,163.0,27.5,89.0,63.5,102.0,68.0,D,Silicone Because each doll is made by hand,4300.0,USD,0.623,1.402,The Muse,manual-review,Nearest family center outside both range bands,Deduplicated by body descriptor from Tayu product sitemap
Tayu,TAYU DOLL 165CM E CUP SILICONE,"165cm E Cup Head#24 April Set3 - Tayu Doll: Lighter, Softer, Easier",https://www.tayu-doll.com/product/165cm-e-cup-head24-april-set3/,official,165.0,28.5,88.0,66.0,100.0,68.0,E,Silicone Because each doll is made by hand,4300.0,USD,0.66,1.333,The Muse,exact,Both WHR and BWR fall inside the family range,Deduplicated by body descriptor from Tayu product sitemap
Tayu,TAYU 170CM E CUP,"170cm E Cup Head#9 Naimei Set1 - Tayu Doll: Lighter, Softer, Easier",https://www.tayu-doll.com/product/170cm-e-cup-head9-naimei-set1/,official,170.0,27.0,88.0,61.0,97.0,68.0,E,Silicone Because each doll is made by hand,4700.0,USD,0.629,1.443,The Sculpt,manual-review,Nearest family center outside both range bands,Deduplicated by body descriptor from Tayu product sitemap
